<!-- <?xml version="1.0" encoding="UTF-8" ?> -->
<beans xmlns="http://www.springframework.org/schema/beans"
	xmlns:xsi="http://www.w3.org/2001/XMLSchema-instance"
	xsi:schemaLocation="http://www.springframework.org/schema/beans
  http://www.springframework.org/schema/beans/spring-beans-3.2.xsd">
   
	<bean id="requestsListener" class="com.fss.auto.trading.engine.aq.RequestsListener">
		<constructor-arg value="${hft.engine.activemq.order.listener.path}"  />
	</bean>
	
	<bean id="gwORSListener" class="com.noname.itrust.gate.aq.GWORSListener">
		<constructor-arg value="${hft.engine.activemq.order.listener.path}"  />
	</bean>
	
	<bean id="gwSessionListener" class="com.noname.itrust.gate.aq.GWSessionListener">
		<constructor-arg value="${hft.engine.activemq.order.listener.path}"  />
	</bean>
	
	<bean id="localMessageSender" class="com.noname.itrust.gate.aq.MessageSender">
		<constructor-arg value="${hft.engine.activemq.response.sender.path}"  />
	</bean>
	
	<bean id="marketListenerTest" class="com.noname.itrust.gate.aq.MarketListenerTest">
		<constructor-arg value="${hft.engine.activemq.market.listener_test.path}"  />
	</bean>
	
	
	
</beans>
