<beans xmlns="http://www.springframework.org/schema/beans" xmlns:xsi="http://www.w3.org/2001/XMLSchema-instance" 
	xmlns:context="http://www.springframework.org/schema/context" xsi:schemaLocation=" 
	http://www.springframework.org/schema/beans http://www.springframework.org/schema/beans/spring-beans-3.2.xsd 
	http://www.springframework.org/schema/context http://www.springframework.org/schema/context/spring-context-3.2.xsd">

	<!-- <bean id="jdbcOracleDataSource" class="oracle.jdbc.pool.OracleDataSource"
		destroy-method="close">
		<property name="URL" value="${hft.engine.db.url}" />
		<property name="user" value="${hft.engine.db.uid}" />
		<property name="password" value="${hft.engine.db.pwd}" />
		<property name="connectionCachingEnabled" value="true" />
		<property name="connectionCacheProperties">
			<props merge="default">
				<prop key="MinLimit">${hft.engine.db.pooling.minpoolsize}</prop>
				<prop key="MaxLimit">${hft.engine.db.pooling.maxpoolsize}</prop>
				<prop key="InitialLimit">${hft.engine.db.pooling.initpoolsize}</prop>
				<prop key="ConnectionWaitTimeout">${hft.engine.db.pooling.connectionWaitTimeoutInMs}
				</prop>
				<prop key="InactivityTimeout">${hft.engine.db.pooling.InactivityTimeoutInMs}
				</prop>
				<prop key="ValidateConnection">${hft.engine.db.pooling.ValidateConnection}</prop>
			</props>
		</property>
	</bean>

	<bean id="jdbcBODBConnection" class="java.sql.Connection"
		factory-bean="jdbcOracleDataSource" factory-method="getConnection" /> 
	
	<bean id="initDatabase" class="com.fss.auto.trading.engine.data.adaper.ConnectionManager"
		init-method="create">
		<property name="datasource" ref="jdbcOracleDataSource" />
	</bean>


	Register prepared statements
	<bean
		class="org.springframework.beans.factory.config.MethodInvokingFactoryBean">
		<property name="targetObject" ref="initDatabase" />
		<property name="targetMethod" value="setPreparedStatements" />
		<property name="arguments">
			<map>
				<entry key="SQL_SEL_MARKETFILTER" value="SELECT SYMBOL,STOCKINFOR,TRANSLOG,COUNTTIME,COUNTTIMEVAL FROM MARKETFILTER " />
				
				<entry key="SQL_SEL_TSO" value="SELECT t.QUOTEID,t.ACCTNO,t.SYMBOL,t.ORDERTYPE,t.DELTATYPE,t.DELTAVALUE,t.MINMAXPRICE,t.PRICESTEP,t.STATUS,
														t.FROMDATE,t.TODATE,t.FX1PRICE,q.QTTY,q.PRICE,q.SIDE,q.USERID,q.TYPECD
												FROM TSO t, QUOTES q WHERE t.QUOTEID = q.QUOTEID " />
				<entry key="SQL_SEL_STO" value="SELECT t.QUOTEID,t.ACCTNO,t.SYMBOL,t.QTTY,t.SIDE,t.ORDERPRICE,t.QUOTEPRICE,t.STATUS,t.FROMDATE,t.TODATE,q.USERID,q.TYPECD 
												FROM STO t, QUOTES q WHERE t.QUOTEID = q.QUOTEID " />
				<entry key="SQL_SEL_SEO" value="SELECT t.QUOTEID,t.ACCTNO,t.SYMBOL,t.QTTY,t.SIDE,t.PRICETYPE,t.ORDERPRICE,t.PRICE_DELTA,t.STATUS,t.FROMDATE,t.TODATE,q.SIDE,q.USERID,q.TYPECD 
												FROM SEO t, QUOTES q WHERE t.QUOTEID = q.QUOTEID " />
				<entry key="SQL_SEL_PCO" value="SELECT t.QUOTEID,t.ACCTNO,t.SYMBOL,t.QTTY,t.SIDE,t.STATUS,t.FROMDATE,t.TODATE,t.ACTIVE_PRICE,q.SIDE,q.USERID,q.TYPECD 
												FROM PCO t, QUOTES q WHERE t.QUOTEID = q.QUOTEID " />
				<entry key="SQL_SEL_SO" value="SELECT t.QUOTEID,t.ACCTNO,t.SYMBOL,t.QTTY,t.PRICE,t.PRICE_DELTA,t.SIDE,t.DEVIDE_TYPE,t.QTTY_SIZE,t.QTTY_DELTA,t.TIME_PERIOD,t.TIME_DELTA,t.STATUS,q.SIDE,q.USERID,q.TYPECD 
												FROM SO t, QUOTES q WHERE t.QUOTEID = q.QUOTEID " />
				<entry key="SQL_SEL_ICO" value="SELECT t.QUOTEID,t.ACCTNO,t.SYMBOL,t.QTTY,t.SIDE,t.PRICE,t.STATUS,q.SIDE,q.USERID,q.TYPECD 
												FROM ICO t, QUOTES q WHERE t.QUOTEID = q.QUOTEID " />								
				<entry key="SQL_SEL_CPO" value="SELECT t.QUOTEID,t.ACCTNO,t.REFORDERID,t.SYMBOL,t.QTTY,t.SIDE,t.PRICE,t.STATUS,q.SIDE ,q.USERID,q.TYPECD
												FROM CPO t, QUOTES q WHERE t.QUOTEID = q.QUOTEID " />
				<entry key="SQL_SEL_OCO" value="SELECT t.QUOTEID,t.ACCTNO,t.SYMBOL1,t.QTTY1,t.PRICE1,t.SIDE1,t.SYMBOL2,t.QTTY2,t.PRICE2,t.SIDE2,t.STATUS,t.FROMDATE,t.TODATE,q.SIDE,q.USERID,q.TYPECD 
												FROM OCO t, QUOTES q WHERE t.QUOTEID = q.QUOTEID " />		
				<entry key="SQL_SEL_OTO" value="SELECT t.QUOTEID,t.ACCTNO,t.SYMBOL,t.QTTY,t.SIDE,t.BUYORDERID,t.PRICETYPE,t.PRICE,t.ORDERPRICE,t.STATUS,t.QTTY2,q.USERID,q.TYPECD
												FROM OTO t, QUOTES q WHERE t.QUOTEID = q.QUOTEID " />								
				<entry key="SQL_SEL_MCO" value="SELECT t.QUOTEID,t.ACCTNO,t.SYMBOL,t.QTTY,t.PRICE,t.SIDE,t.STATUS,t.CONDITION1,t.OPERATION1,t.VALUE1,t.CONDITION2,
												t.OPERATION2,t.VALUE2,t.CONDITION3,t.OPERATION3,t.VALUE3,t.CONDITION4,t.OPERATION4,t.VALUE4,t.FROMDATE,t.TODATE,q.USERID,q.TYPECD
												FROM MCO t, QUOTES q WHERE t.QUOTEID = q.QUOTEID " />								
													
				<entry key="SQL_SEL_INSTRUMENTS" value="SELECT SYMBOL,EXCHANGE,BOARD,PRICE_CE,PRICE_FL,PRICE_RF FROM INSTRUMENTS " />
				<entry key="SQL_SEL_MARKETINFO" value="SELECT EXCHANGE,SESSIONEX FROM MARKETINFO " />
				<entry key="SQL_SEL_SYSCONFIG" value="SELECT CFGVALUE FROM SYSCONFIG WHERE CFGKEY='TRADE_DATE' " />
				<entry key="SQL_SEL_DEFRULES_MAXQTTY" value="SELECT REFCODE,REFNVAL FROM DEFRULES WHERE RULENAME='MAXNMLQTTY' " />
				<entry key="SQL_SEL_TICKSIZE" value="SELECT REFCODE, TICKSIZE, FROMPRICE, TOPRICE FROM TICKSIZE WHERE REFTYPE='C' " />
				<entry key="SQL_SEL_ACTIVE_ORDER" value="SELECT ORDERID, ORDERTYPE FROM ACTIVE_ORDERS WHERE ORDERID IS NOT NULL AND ACTIVETYPE='N' " />
			</map>
		</property>
	</bean>

	Register callable statements
	<bean
		class="org.springframework.beans.factory.config.MethodInvokingFactoryBean">
		<property name="targetObject" ref="initDatabase" />
		<property name="targetMethod" value="setCallableStatements" />
		<property name="arguments">
			<map>
				<entry key="ABC" value="{ call HFT_STORE.sp_insert(?, ?, ?, ?) }" />
				<entry key="SQL_INSERT_TSO" value="{ call CSPKS_HFT_SAVE_NEW.sp_create_tso_orders(?, ?, ?, ?, ?, ?, ?, ?, ?, ?, ?, ?, ?, ?) }" />
				<entry key="SQL_INSERT_STO" value="{ call CSPKS_HFT_SAVE_NEW.sp_create_sto_orders(?, ?, ?, ?, ?, ?, ?, ?, ?, ?, ?, ?) }" />
				<entry key="SQL_INSERT_SEO" value="{ call CSPKS_HFT_SAVE_NEW.sp_create_seo_orders(?, ?, ?, ?, ?, ?, ?, ?, ?, ?, ?, ?, ?) }" />
				<entry key="SQL_INSERT_PCO" value="{ call CSPKS_HFT_SAVE_NEW.sp_create_pco_orders(?, ?, ?, ?, ?, ?, ?, ?, ?, ?, ?) }" />
				<entry key="SQL_INSERT_SO" value="{ call CSPKS_HFT_SAVE_NEW.sp_create_so_orders(?, ?, ?, ?, ?, ?, ?, ?, ?, ?, ?, ?, ?, ?) }" />
				<entry key="SQL_INSERT_ICO" value="{ call CSPKS_HFT_SAVE_NEW.sp_create_ico_orders(?, ?, ?, ?, ?, ?, ?, ?) }" />
				<entry key="SQL_INSERT_CPO" value="{ call CSPKS_HFT_SAVE_NEW.sp_create_cpo_orders(?, ?, ?, ?, ?, ?, ?, ?, ?, ?) }" />
				<entry key="SQL_INSERT_OCO" value="{ call CSPKS_HFT_SAVE_NEW.sp_create_oco_orders(?, ?, ?, ?, ?, ?, ?, ?, ?, ?, ?, ?) }" />
				<entry key="SQL_INSERT_OTO" value="{ call CSPKS_HFT_SAVE_NEW.sp_create_oto_orders(?, ?, ?, ?, ?, ?, ?, ?, ?, ?, ?) }" />
				<entry key="SQL_INSERT_MCO" value="{ call CSPKS_HFT_SAVE_NEW.sp_create_mco_orders(?, ?, ?, ?, ?, ?, ?, ?, ?, ?, ?, ?, ?, ?, ?, ?, ?, ?, ?, ?, ?, ?, ?) }" />
				
				<entry key="SQL_CANCEL_ORDER" value="{ call CSPKS_HFT_CANCEL_ORDER.sp_cancel_order(?, ?, ?, ?, ?, ?, ?, ?, ?) }" />
				<entry key="SQL_CONFIRM_CANCEL_ORDER" value="{ call CSPKS_HFT_RESPONSE_ORS.sp_confirm_cancel_order(?, ?, ?, ?, ?, ?, ?, ?, ?) }" />
				<entry key="SQL_CONFIRM_DEAL_ORDER" value="{ call CSPKS_HFT_RESPONSE_ORS.sp_confirm_deal_order(?, ?, ?, ?, ?, ?, ?, ?) }" />
				<entry key="SQL_CONFIRM_DEAL_ORDER_OCO" value="{ call CSPKS_HFT_RESPONSE_ORS.sp_confirm_deal_order_oco(?, ?, ?, ?, ?, ?, ?, ?, ?) }" />
				<entry key="SQL_CONFIRM_RESPONE_ORDER" value="{ call CSPKS_HFT_RESPONSE_ORS.sp_confirm_respone_order(?, ?, ?, ?, ?, ?) }" />
				
				<entry key="SQL_GET_ORDER_LIST" value="{ call CSPKS_HFT_RESPONSE_ORS.sp_confirm_respone_order(?, ?, ?, ?, ?, ?) }" />

			</map>
		</property>
	</bean> -->
	
	<!-- Khai bao timesten -->
	<bean id="timestenManager" class="com.noname.itrust.gate.data.adaper.TimestenManager"
		init-method="init">
		<property name="url" value="${hft.engine.tt.url}" />
		<property name="user" value="${hft.engine.tt.uid}" />
		<property name="password" value="${hft.engine.tt.pwd}" />
		<property name="numConnections" value="${hft.engine.tt.pooling.maxpoolsize}" />
	</bean>
	
	
	<!-- Register prepared statements -->
	<bean
		class="org.springframework.beans.factory.config.MethodInvokingFactoryBean">
		<property name="targetObject" ref="timestenManager" />
		<property name="targetMethod" value="setPreparedStatements" />
		<property name="arguments">
			<map>
				<entry key="SQL_INSERT_RECOVER_ORDER"
					value="INSERT INTO MSGERRORS (CFGKEY,CFGVALUE,STATUS,DESCRIPTIONS)
                                 VALUES (?,?,?,?)" />

				<entry key="SQL_SEL_DEFRULE" value="SELECT * FROM DEFRULES WHERE REFTYPE='C'" />

				<entry key="SQL_SEL_ORDERS" value="SELECT COUNT(1) COUNT FROM ORDERS 
						WHERE ORDERID  = ? AND SUBSTATUS NOT IN ('FF','DD') and REMAIN_QTTY > 0" />
						
				<entry key="SQL_SEL_ORDER_INFO" value="SELECT * FROM CUSTOMERS WHERE PHONENUMBER  = ?" />
			</map>
		</property>
	</bean>

</beans>
