<?xml version="1.0" encoding="UTF-8" ?>
<beans xmlns="http://www.springframework.org/schema/beans"
	xmlns:xsi="http://www.w3.org/2001/XMLSchema-instance"
	xsi:schemaLocation="
	http://www.springframework.org/schema/beans
	http://www.springframework.org/schema/beans/spring-beans-3.2.xsd">


<!-- <beans xmlns="http://www.springframework.org/schema/beans"
	xmlns:xsi="http://www.w3.org/2001/XMLSchema-instance"
	xsi:schemaLocation="
	http://www.springframework.org/schema/beans
	file:/home/fo/newfo/config/xsd/spring-beans-3.2.xsd"> -->
	
	<!-- Receiving Handlers for process request -->
	<bean class="com.noname.itrust.gate.caching.HandlerCacheData"
		factory-method="registerReceivingHandler">
		<constructor-arg>
			<list>
				<!-- <array><value>tx1001</value><ref bean="TSORequestHandler" /></array>
				<array><value>tx1002</value><ref bean="STORequestHandler" /></array>
				<array><value>tx1003</value><ref bean="SEORequestHandler" /></array>
				<array><value>tx1004</value><ref bean="PCORequestHandler" /></array>
				<array><value>tx1005</value><ref bean="SORequestHandler" /></array>
				<array><value>tx1006</value><ref bean="ICORequestHandler" /></array>
				<array><value>tx1007</value><ref bean="CPORequestHandler" /></array>
				<array><value>tx1008</value><ref bean="OCORequestHandler" /></array>
				<array><value>tx1009</value><ref bean="OTORequestHandler" /></array>
				<array><value>tx1010</value><ref bean="MCORequestHandler" /></array>
				<array><value>tx3001</value><ref bean="cancelRequestHandler" /></array> -->
			</list>
		</constructor-arg>
	</bean>
</beans>
