<?xml version="1.0" encoding="UTF-8" ?>

<beans xmlns="http://www.springframework.org/schema/beans"
	xmlns:xsi="http://www.w3.org/2001/XMLSchema-instance" xmlns:util="http://www.springframework.org/schema/util"
	xsi:schemaLocation="http://www.springframework.org/schema/beans
  http://www.springframework.org/schema/beans/spring-beans-3.2.xsd
  http://www.springframework.org/schema/util
  http://www.springframework.org/schema/util/spring-util-3.2.xsd">
  
	<util:list id="propertiesFiles">
		<!-- build -->
		<!-- <value>file:/opt/app/apache-servicemix-5.1.2/hft-engine.properties</value> -->
		
		<!-- debug -->
		<value>classpath:hft-engine.properties</value>
	</util:list>

	<bean class="org.springframework.beans.factory.config.PreferencesPlaceholderConfigurer">
		<property name="locations" ref="propertiesFiles">
		</property>
	</bean>

</beans>

