<?xml version="1.0" encoding="UTF-8"?>
<beans xmlns="http://www.springframework.org/schema/beans"
	xmlns:xsi="http://www.w3.org/2001/XMLSchema-instance"
	xsi:schemaLocation="
		http://www.springframework.org/schema/beans
		http://www.springframework.org/schema/beans/spring-beans-3.2.xsd"> 

	<bean id="marketJmsConnectionFactory" class="org.apache.activemq.ActiveMQConnectionFactory">
		<property name="brokerURL" value="${hft.engine.activemq.market.url}" />
        <property name="userName" value="karaf"/>
        <property name="password" value="karaf"/> 
	</bean>

	<bean id="marketPooledConnectionFactory" class="org.apache.activemq.pool.PooledConnectionFactory"
		init-method="start" destroy-method="stop">
		<property name="maxConnections" value="${hft.engine.activemq.market.listener.maxconnection}" />
		<property name="connectionFactory" ref="marketJmsConnectionFactory" />
	</bean>

	<bean id="marketJmsConfig" class="org.apache.camel.component.jms.JmsConfiguration">
		<property name="connectionFactory" ref="marketPooledConnectionFactory" />
		<property name="concurrentConsumers" value="${hft.engine.activemq.market.listener.concurrent}" />
	</bean>

	<bean id="marketListenerActiveMQ" class="org.apache.activemq.camel.component.ActiveMQComponent">
		<property name="configuration" ref="marketJmsConfig" />
	</bean>

</beans>
