<?xml version="1.0" encoding="UTF-8" ?>
<beans xmlns="http://www.springframework.org/schema/beans"
	xmlns:xsi="http://www.w3.org/2001/XMLSchema-instance" xmlns:context="http://www.springframework.org/schema/context" 
	xmlns:task="http://www.springframework.org/schema/task"	
	xsi:schemaLocation="
		http://www.springframework.org/schema/beans
  		http://www.springframework.org/schema/beans/spring-beans-3.2.xsd
  		http://www.springframework.org/schema/context
  		http://www.springframework.org/schema/context/spring-context-3.2.xsd
  		http://www.springframework.org/schema/task 
  		http://www.springframework.org/schema/task/spring-task-3.2.xsd">
  		
	<import resource="bean/properties.xml" />
	<import resource="bean/datasource.xml" /> 
	<import resource="jms/activemq-client.xml" />
	<!-- <import resource="bean/activemq-bean.xml" /> -->
	<!-- <import resource="jms/jms-flow.xml" /> -->
	<!-- <import resource="jms/market-activemq-client.xml" /> -->
	<import resource="bean/processor-bean.xml" />
	<import resource="bean/web-service.xml" />
	
	
	
	<context:annotation-config />
	<!-- <context:component-scan base-package="com.fss.auto.trading.engine.common" />
	<context:component-scan base-package="com.fss.auto.trading.engine.aq" />
	<context:component-scan base-package="com.fss.auto.trading.engine.converter" /> -->
	<context:component-scan base-package="com.noname.itrust.gate" />
	<context:component-scan base-package="com.noname.itrust.gate.processing" />
	<context:component-scan base-package="com.noname.itrust" />
										  
	
	
	<task:scheduled-tasks>
		<task:scheduled ref="scanSOOrderScheduledProcessor" method="process" cron="${hft.engine.schedule.so.datetime}" />
	</task:scheduled-tasks>
	
</beans>
